{
    "version": 1,
    "models": {
        "Resume": {
            "name": "Resume",
            "fields": {
                "id": {
                    "name": "id",
                    "isArray": false,
                    "type": "ID",
                    "isRequired": true,
                    "attributes": []
                },
                "userId": {
                    "name": "userId",
                    "isArray": false,
                    "type": "String",
                    "isRequired": true,
                    "attributes": []
                },
                "content": {
                    "name": "content",
                    "isArray": false,
                    "type": "AWSJSON",
                    "isRequired": true,
                    "attributes": []
                },
                "templateId": {
                    "name": "templateId",
                    "isArray": false,
                    "type": "String",
                    "isRequired": false,
                    "attributes": []
                },
                "canvaDesignId": {
                    "name": "canvaDesignId",
                    "isArray": false,
                    "type": "String",
                    "isRequired": false,
                    "attributes": []
                },
                "pdfUrl": {
                    "name": "pdfUrl",
                    "isArray": false,
                    "type": "String",
                    "isRequired": false,
                    "attributes": []
                },
                "blockchainHash": {
                    "name": "blockchainHash",
                    "isArray": false,
                    "type": "String",
                    "isRequired": false,
                    "attributes": []
                },
                "verifiedAt": {
                    "name": "verifiedAt",
                    "isArray": false,
                    "type": "AWSDateTime",
                    "isRequired": false,
                    "attributes": []
                },
                "createdAt": {
                    "name": "createdAt",
                    "isArray": false,
                    "type": "AWSDateTime",
                    "isRequired": false,
                    "attributes": []
                },
                "updatedAt": {
                    "name": "updatedAt",
                    "isArray": false,
                    "type": "AWSDateTime",
                    "isRequired": false,
                    "attributes": []
                }
            },
            "syncable": true,
            "pluralName": "Resumes",
            "attributes": [
                {
                    "type": "model",
                    "properties": {}
                },
                {
                    "type": "key",
                    "properties": {
                        "fields": [
                            "id"
                        ]
                    }
                },
                {
                    "type": "auth",
                    "properties": {
                        "rules": [
                            {
                                "provider": "userPools",
                                "ownerField": "owner",
                                "allow": "owner",
                                "operations": [
                                    "create",
                                    "read",
                                    "update",
                                    "delete"
                                ],
                                "identityClaim": "cognito:username"
                            },
                            {
                                "allow": "public",
                                "provider": "apiKey",
                                "operations": [
                                    "create",
                                    "read",
                                    "update",
                                    "delete"
                                ]
                            }
                        ]
                    }
                }
            ],
            "primaryKeyInfo": {
                "isCustomPrimaryKey": false,
                "primaryKeyFieldName": "id",
                "sortKeyFieldNames": []
            }
        },
        "JobApplication": {
            "name": "JobApplication",
            "fields": {
                "id": {
                    "name": "id",
                    "isArray": false,
                    "type": "ID",
                    "isRequired": true,
                    "attributes": []
                },
                "userId": {
                    "name": "userId",
                    "isArray": false,
                    "type": "String",
                    "isRequired": true,
                    "attributes": []
                },
                "resumeId": {
                    "name": "resumeId",
                    "isArray": false,
                    "type": "ID",
                    "isRequired": true,
                    "attributes": []
                },
                "jobTitle": {
                    "name": "jobTitle",
                    "isArray": false,
                    "type": "String",
                    "isRequired": true,
                    "attributes": []
                },
                "company": {
                    "name": "company",
                    "isArray": false,
                    "type": "String",
                    "isRequired": true,
                    "attributes": []
                },
                "jobDescription": {
                    "name": "jobDescription",
                    "isArray": false,
                    "type": "String",
                    "isRequired": false,
                    "attributes": []
                },
                "applicationStatus": {
                    "name": "applicationStatus",
                    "isArray": false,
                    "type": {
                        "enum": "JobApplicationApplicationStatus"
                    },
                    "isRequired": false,
                    "attributes": []
                },
                "appliedAt": {
                    "name": "appliedAt",
                    "isArray": false,
                    "type": "AWSDateTime",
                    "isRequired": false,
                    "attributes": []
                },
                "notes": {
                    "name": "notes",
                    "isArray": false,
                    "type": "String",
                    "isRequired": false,
                    "attributes": []
                },
                "matchScore": {
                    "name": "matchScore",
                    "isArray": false,
                    "type": "Float",
                    "isRequired": false,
                    "attributes": []
                },
                "coverLetter": {
                    "name": "coverLetter",
                    "isArray": false,
                    "type": "AWSJSON",
                    "isRequired": false,
                    "attributes": []
                },
                "createdAt": {
                    "name": "createdAt",
                    "isArray": false,
                    "type": "AWSDateTime",
                    "isRequired": false,
                    "attributes": [],
                    "isReadOnly": true
                },
                "updatedAt": {
                    "name": "updatedAt",
                    "isArray": false,
                    "type": "AWSDateTime",
                    "isRequired": false,
                    "attributes": [],
                    "isReadOnly": true
                }
            },
            "syncable": true,
            "pluralName": "JobApplications",
            "attributes": [
                {
                    "type": "model",
                    "properties": {}
                },
                {
                    "type": "key",
                    "properties": {
                        "fields": [
                            "id"
                        ]
                    }
                },
                {
                    "type": "auth",
                    "properties": {
                        "rules": [
                            {
                                "provider": "userPools",
                                "ownerField": "owner",
                                "allow": "owner",
                                "operations": [
                                    "create",
                                    "read",
                                    "update",
                                    "delete"
                                ],
                                "identityClaim": "cognito:username"
                            },
                            {
                                "allow": "public",
                                "provider": "apiKey",
                                "operations": [
                                    "create",
                                    "read",
                                    "update",
                                    "delete"
                                ]
                            }
                        ]
                    }
                }
            ],
            "primaryKeyInfo": {
                "isCustomPrimaryKey": false,
                "primaryKeyFieldName": "id",
                "sortKeyFieldNames": []
            }
        },
        "Portfolio": {
            "name": "Portfolio",
            "fields": {
                "id": {
                    "name": "id",
                    "isArray": false,
                    "type": "ID",
                    "isRequired": true,
                    "attributes": []
                },
                "userId": {
                    "name": "userId",
                    "isArray": false,
                    "type": "String",
                    "isRequired": true,
                    "attributes": []
                },
                "resumeId": {
                    "name": "resumeId",
                    "isArray": false,
                    "type": "ID",
                    "isRequired": true,
                    "attributes": []
                },
                "title": {
                    "name": "title",
                    "isArray": false,
                    "type": "String",
                    "isRequired": true,
                    "attributes": []
                },
                "htmlContent": {
                    "name": "htmlContent",
                    "isArray": false,
                    "type": "String",
                    "isRequired": true,
                    "attributes": []
                },
                "deploymentUrl": {
                    "name": "deploymentUrl",
                    "isArray": false,
                    "type": "String",
                    "isRequired": false,
                    "attributes": []
                },
                "isPublic": {
                    "name": "isPublic",
                    "isArray": false,
                    "type": "Boolean",
                    "isRequired": false,
                    "attributes": []
                },
                "createdAt": {
                    "name": "createdAt",
                    "isArray": false,
                    "type": "AWSDateTime",
                    "isRequired": false,
                    "attributes": []
                },
                "updatedAt": {
                    "name": "updatedAt",
                    "isArray": false,
                    "type": "AWSDateTime",
                    "isRequired": false,
                    "attributes": []
                }
            },
            "syncable": true,
            "pluralName": "Portfolios",
            "attributes": [
                {
                    "type": "model",
                    "properties": {}
                },
                {
                    "type": "key",
                    "properties": {
                        "fields": [
                            "id"
                        ]
                    }
                },
                {
                    "type": "auth",
                    "properties": {
                        "rules": [
                            {
                                "provider": "userPools",
                                "ownerField": "owner",
                                "allow": "owner",
                                "operations": [
                                    "create",
                                    "read",
                                    "update",
                                    "delete"
                                ],
                                "identityClaim": "cognito:username"
                            },
                            {
                                "allow": "public",
                                "provider": "apiKey",
                                "operations": [
                                    "read"
                                ]
                            }
                        ]
                    }
                }
            ],
            "primaryKeyInfo": {
                "isCustomPrimaryKey": false,
                "primaryKeyFieldName": "id",
                "sortKeyFieldNames": []
            }
        },
        "UserSettings": {
            "name": "UserSettings",
            "fields": {
                "id": {
                    "name": "id",
                    "isArray": false,
                    "type": "ID",
                    "isRequired": true,
                    "attributes": []
                },
                "userId": {
                    "name": "userId",
                    "isArray": false,
                    "type": "String",
                    "isRequired": true,
                    "attributes": []
                },
                "preferences": {
                    "name": "preferences",
                    "isArray": false,
                    "type": "AWSJSON",
                    "isRequired": true,
                    "attributes": []
                },
                "subscriptionTier": {
                    "name": "subscriptionTier",
                    "isArray": false,
                    "type": {
                        "enum": "UserSettingsSubscriptionTier"
                    },
                    "isRequired": false,
                    "attributes": []
                },
                "usage": {
                    "name": "usage",
                    "isArray": false,
                    "type": "AWSJSON",
                    "isRequired": false,
                    "attributes": []
                },
                "createdAt": {
                    "name": "createdAt",
                    "isArray": false,
                    "type": "AWSDateTime",
                    "isRequired": false,
                    "attributes": [],
                    "isReadOnly": true
                },
                "updatedAt": {
                    "name": "updatedAt",
                    "isArray": false,
                    "type": "AWSDateTime",
                    "isRequired": false,
                    "attributes": [],
                    "isReadOnly": true
                }
            },
            "syncable": true,
            "pluralName": "UserSettings",
            "attributes": [
                {
                    "type": "model",
                    "properties": {}
                },
                {
                    "type": "key",
                    "properties": {
                        "fields": [
                            "id"
                        ]
                    }
                },
                {
                    "type": "auth",
                    "properties": {
                        "rules": [
                            {
                                "provider": "userPools",
                                "ownerField": "owner",
                                "allow": "owner",
                                "operations": [
                                    "create",
                                    "read",
                                    "update",
                                    "delete"
                                ],
                                "identityClaim": "cognito:username"
                            },
                            {
                                "allow": "public",
                                "provider": "apiKey",
                                "operations": [
                                    "create",
                                    "read",
                                    "update",
                                    "delete"
                                ]
                            }
                        ]
                    }
                }
            ],
            "primaryKeyInfo": {
                "isCustomPrimaryKey": false,
                "primaryKeyFieldName": "id",
                "sortKeyFieldNames": []
            }
        }
    },
    "enums": {
        "JobApplicationApplicationStatus": {
            "name": "JobApplicationApplicationStatus",
            "values": [
                "APPLIED",
                "INTERVIEW",
                "REJECTED",
                "OFFER"
            ]
        },
        "UserSettingsSubscriptionTier": {
            "name": "UserSettingsSubscriptionTier",
            "values": [
                "FREE",
                "PRO",
                "ENTERPRISE"
            ]
        }
    },
    "nonModels": {}
}