{
  "jobs": [
    {
      "id": "job-001",
      "title": "Senior Software Engineer",
      "company": "TechCorp Solutions",
      "location": "San Francisco, CA",
      "city": "San Francisco",
      "state": "CA",
      "country": "USA",
      "employmentType": "Full-time",
      "remote": true,
      "salary": "$150,000 - $200,000",
      "salaryMin": 150000,
      "salaryMax": 200000,
      "description": "We're looking for a Senior Software Engineer to join our growing team. You'll work on cutting-edge cloud technologies and build scalable solutions that impact millions of users.",
      "requirements": ["5+ years experience", "React", "Node.js", "AWS", "TypeScript"],
      "postedDate": "2025-01-08",
      "jobUrl": "https://example.com/job/001"
    },
    {
      "id": "job-002",
      "title": "Product Manager",
      "company": "InnovateTech",
      "location": "New York, NY",
      "city": "New York",
      "state": "NY",
      "country": "USA",
      "employmentType": "Full-time",
      "remote": false,
      "salary": "$120,000 - $160,000",
      "salaryMin": 120000,
      "salaryMax": 160000,
      "description": "Lead product strategy and roadmap for our flagship SaaS platform. Work closely with engineering, design, and sales teams to deliver exceptional user experiences.",
      "requirements": ["3+ years PM experience", "Agile methodology", "Data analysis", "Stakeholder management"],
      "postedDate": "2025-01-07",
      "jobUrl": "https://example.com/job/002"
    },
    {
      "id": "job-003",
      "title": "Data Scientist",
      "company": "DataMinds Analytics",
      "location": "Chicago, IL",
      "city": "Chicago",
      "state": "IL",
      "country": "USA",
      "employmentType": "Full-time",
      "remote": true,
      "salary": "$130,000 - $170,000",
      "salaryMin": 130000,
      "salaryMax": 170000,
      "description": "Join our data science team to develop predictive models and machine learning algorithms that drive business insights and decision-making.",
      "requirements": ["Python", "Machine Learning", "SQL", "TensorFlow", "Statistical Analysis"],
      "postedDate": "2025-01-09",
      "jobUrl": "https://example.com/job/003"
    },
    {
      "id": "job-004",
      "title": "UX Designer",
      "company": "Creative Studios",
      "location": "Los Angeles, CA",
      "city": "Los Angeles",
      "state": "CA",
      "country": "USA",
      "employmentType": "Contract",
      "remote": true,
      "salary": "$80,000 - $100,000",
      "salaryMin": 80000,
      "salaryMax": 100000,
      "description": "Design beautiful and intuitive user interfaces for web and mobile applications. Conduct user research and create wireframes, prototypes, and high-fidelity designs.",
      "requirements": ["Figma", "User Research", "Prototyping", "Visual Design", "Design Systems"],
      "postedDate": "2025-01-06",
      "jobUrl": "https://example.com/job/004"
    },
    {
      "id": "job-005",
      "title": "DevOps Engineer",
      "company": "CloudScale Inc",
      "location": "Seattle, WA",
      "city": "Seattle",
      "state": "WA",
      "country": "USA",
      "employmentType": "Full-time",
      "remote": false,
      "salary": "$140,000 - $180,000",
      "salaryMin": 140000,
      "salaryMax": 180000,
      "description": "Build and maintain CI/CD pipelines, manage cloud infrastructure, and implement monitoring solutions for high-availability systems.",
      "requirements": ["Kubernetes", "Docker", "AWS/Azure", "Terraform", "Jenkins"],
      "postedDate": "2025-01-10",
      "jobUrl": "https://example.com/job/005"
    },
    {
      "id": "job-006",
      "title": "Marketing Manager",
      "company": "GrowthHub Marketing",
      "location": "Austin, TX",
      "city": "Austin",
      "state": "TX",
      "country": "USA",
      "employmentType": "Full-time",
      "remote": true,
      "salary": "$90,000 - $120,000",
      "salaryMin": 90000,
      "salaryMax": 120000,
      "description": "Lead marketing campaigns, manage social media presence, and drive brand awareness through digital marketing strategies.",
      "requirements": ["Digital Marketing", "SEO/SEM", "Content Strategy", "Analytics", "Team Leadership"],
      "postedDate": "2025-01-05",
      "jobUrl": "https://example.com/job/006"
    },
    {
      "id": "job-007",
      "title": "Junior Web Developer",
      "company": "StartupXYZ",
      "location": "Boston, MA",
      "city": "Boston",
      "state": "MA",
      "country": "USA",
      "employmentType": "Full-time",
      "remote": false,
      "salary": "$60,000 - $80,000",
      "salaryMin": 60000,
      "salaryMax": 80000,
      "description": "Great opportunity for a junior developer to grow with our team. Work on exciting web projects using modern technologies.",
      "requirements": ["HTML/CSS", "JavaScript", "React basics", "Git", "Problem solving"],
      "postedDate": "2025-01-11",
      "jobUrl": "https://example.com/job/007"
    },
    {
      "id": "job-008",
      "title": "AI Engineer",
      "company": "DeepMind Solutions",
      "location": "San Francisco, CA",
      "city": "San Francisco",
      "state": "CA",
      "country": "USA",
      "employmentType": "Full-time",
      "remote": true,
      "salary": "$180,000 - $250,000",
      "salaryMin": 180000,
      "salaryMax": 250000,
      "description": "Work on cutting-edge AI projects including NLP, computer vision, and large language models. Shape the future of artificial intelligence.",
      "requirements": ["Deep Learning", "PyTorch", "NLP", "Computer Vision", "Research Experience"],
      "postedDate": "2025-01-09",
      "jobUrl": "https://example.com/job/008"
    },
    {
      "id": "job-009",
      "title": "Sales Representative",
      "company": "SalesForce Pro",
      "location": "Miami, FL",
      "city": "Miami",
      "state": "FL",
      "country": "USA",
      "employmentType": "Full-time",
      "remote": false,
      "salary": "$50,000 - $70,000 + commission",
      "salaryMin": 50000,
      "salaryMax": 70000,
      "description": "Join our dynamic sales team to drive revenue growth and build lasting client relationships in the B2B software space.",
      "requirements": ["Sales experience", "CRM knowledge", "Communication skills", "Negotiation", "Target-driven"],
      "postedDate": "2025-01-08",
      "jobUrl": "https://example.com/job/009"
    },
    {
      "id": "job-010",
      "title": "Mobile Developer",
      "company": "AppWorks Studio",
      "location": "Denver, CO",
      "city": "Denver",
      "state": "CO",
      "country": "USA",
      "employmentType": "Contract",
      "remote": true,
      "salary": "$100,000 - $130,000",
      "salaryMin": 100000,
      "salaryMax": 130000,
      "description": "Develop native mobile applications for iOS and Android platforms. Create smooth, responsive user experiences for millions of users.",
      "requirements": ["React Native", "Swift/Kotlin", "Mobile UI/UX", "API Integration", "App Store deployment"],
      "postedDate": "2025-01-07",
      "jobUrl": "https://example.com/job/010"
    },
    {
      "id": "job-011",
      "title": "Business Analyst",
      "company": "ConsultPro",
      "location": "Chicago, IL",
      "city": "Chicago",
      "state": "IL",
      "country": "USA",
      "employmentType": "Full-time",
      "remote": false,
      "salary": "$75,000 - $95,000",
      "salaryMin": 75000,
      "salaryMax": 95000,
      "description": "Analyze business processes, gather requirements, and bridge the gap between business needs and technical solutions.",
      "requirements": ["Requirements gathering", "SQL", "Data analysis", "Process mapping", "Stakeholder management"],
      "postedDate": "2025-01-06",
      "jobUrl": "https://example.com/job/011"
    },
    {
      "id": "job-012",
      "title": "Security Engineer",
      "company": "CyberShield Tech",
      "location": "Washington, DC",
      "city": "Washington",
      "state": "DC",
      "country": "USA",
      "employmentType": "Full-time",
      "remote": true,
      "salary": "$135,000 - $165,000",
      "salaryMin": 135000,
      "salaryMax": 165000,
      "description": "Protect our systems from cyber threats. Implement security measures, conduct audits, and respond to security incidents.",
      "requirements": ["Network Security", "Penetration Testing", "SIEM", "Compliance", "Incident Response"],
      "postedDate": "2025-01-10",
      "jobUrl": "https://example.com/job/012"
    },
    {
      "id": "job-013",
      "title": "Content Writer",
      "company": "ContentCraft",
      "location": "Portland, OR",
      "city": "Portland",
      "state": "OR",
      "country": "USA",
      "employmentType": "Part-time",
      "remote": true,
      "salary": "$40,000 - $55,000",
      "salaryMin": 40000,
      "salaryMax": 55000,
      "description": "Create engaging content for blogs, websites, and social media. Research topics and write compelling copy that drives engagement.",
      "requirements": ["Writing skills", "SEO knowledge", "Research abilities", "Content management", "Creativity"],
      "postedDate": "2025-01-05",
      "jobUrl": "https://example.com/job/013"
    },
    {
      "id": "job-014",
      "title": "Frontend Developer",
      "company": "WebCraft Solutions",
      "location": "Phoenix, AZ",
      "city": "Phoenix",
      "state": "AZ",
      "country": "USA",
      "employmentType": "Full-time",
      "remote": false,
      "salary": "$85,000 - $110,000",
      "salaryMin": 85000,
      "salaryMax": 110000,
      "description": "Build responsive and performant web applications using modern JavaScript frameworks. Focus on creating exceptional user experiences.",
      "requirements": ["React/Vue/Angular", "TypeScript", "CSS/Sass", "Webpack", "Performance optimization"],
      "postedDate": "2025-01-11",
      "jobUrl": "https://example.com/job/014"
    },
    {
      "id": "job-015",
      "title": "QA Engineer",
      "company": "TestMasters Inc",
      "location": "Atlanta, GA",
      "city": "Atlanta",
      "state": "GA",
      "country": "USA",
      "employmentType": "Full-time",
      "remote": true,
      "salary": "$70,000 - $90,000",
      "salaryMin": 70000,
      "salaryMax": 90000,
      "description": "Ensure software quality through comprehensive testing strategies. Design test cases, automate testing, and work closely with developers.",
      "requirements": ["Test automation", "Selenium", "API testing", "Bug tracking", "Agile methodology"],
      "postedDate": "2025-01-08",
      "jobUrl": "https://example.com/job/015"
    },
    {
      "id": "job-016",
      "title": "Backend Developer",
      "company": "ServerSide Tech",
      "location": "Dallas, TX",
      "city": "Dallas",
      "state": "TX",
      "country": "USA",
      "employmentType": "Full-time",
      "remote": false,
      "salary": "$95,000 - $125,000",
      "salaryMin": 95000,
      "salaryMax": 125000,
      "description": "Design and implement robust backend systems. Work with databases, APIs, and microservices architecture.",
      "requirements": ["Python/Java/Go", "REST APIs", "PostgreSQL/MongoDB", "Microservices", "Cloud platforms"],
      "postedDate": "2025-01-07",
      "jobUrl": "https://example.com/job/016"
    },
    {
      "id": "job-017",
      "title": "Graphic Designer",
      "company": "Visual Arts Studio",
      "location": "San Diego, CA",
      "city": "San Diego",
      "state": "CA",
      "country": "USA",
      "employmentType": "Contract",
      "remote": true,
      "salary": "$55,000 - $75,000",
      "salaryMin": 55000,
      "salaryMax": 75000,
      "description": "Create stunning visual designs for digital and print media. Work on branding, marketing materials, and web graphics.",
      "requirements": ["Adobe Creative Suite", "Typography", "Branding", "Color theory", "Print design"],
      "postedDate": "2025-01-06",
      "jobUrl": "https://example.com/job/017"
    },
    {
      "id": "job-018",
      "title": "Project Manager",
      "company": "ProjectPro Solutions",
      "location": "Minneapolis, MN",
      "city": "Minneapolis",
      "state": "MN",
      "country": "USA",
      "employmentType": "Full-time",
      "remote": true,
      "salary": "$85,000 - $115,000",
      "salaryMin": 85000,
      "salaryMax": 115000,
      "description": "Lead cross-functional teams to deliver projects on time and within budget. Manage stakeholders and ensure project success.",
      "requirements": ["PMP certification", "Agile/Scrum", "Risk management", "Budget management", "Team leadership"],
      "postedDate": "2025-01-09",
      "jobUrl": "https://example.com/job/018"
    },
    {
      "id": "job-019",
      "title": "Database Administrator",
      "company": "DataCore Systems",
      "location": "Philadelphia, PA",
      "city": "Philadelphia",
      "state": "PA",
      "country": "USA",
      "employmentType": "Full-time",
      "remote": false,
      "salary": "$90,000 - $120,000",
      "salaryMin": 90000,
      "salaryMax": 120000,
      "description": "Manage and optimize database systems. Ensure data integrity, performance, and availability for critical business applications.",
      "requirements": ["SQL Server/Oracle", "Database optimization", "Backup/Recovery", "Performance tuning", "Security"],
      "postedDate": "2025-01-10",
      "jobUrl": "https://example.com/job/019"
    },
    {
      "id": "job-020",
      "title": "HR Manager",
      "company": "PeopleFirst Corp",
      "location": "Nashville, TN",
      "city": "Nashville",
      "state": "TN",
      "country": "USA",
      "employmentType": "Full-time",
      "remote": true,
      "salary": "$75,000 - $95,000",
      "salaryMin": 75000,
      "salaryMax": 95000,
      "description": "Lead HR initiatives including recruitment, employee relations, and policy development. Build a positive company culture.",
      "requirements": ["HR management", "Recruitment", "Employee relations", "HRIS systems", "Labor law knowledge"],
      "postedDate": "2025-01-05",
      "jobUrl": "https://example.com/job/020"
    },
    {
      "id": "job-021",
      "title": "Intern - Software Development",
      "company": "TechStart Academy",
      "location": "San Jose, CA",
      "city": "San Jose",
      "state": "CA",
      "country": "USA",
      "employmentType": "Internship",
      "remote": true,
      "salary": "$25 - $35/hour",
      "salaryMin": 25,
      "salaryMax": 35,
      "description": "Learn and grow with our engineering team. Work on real projects and gain hands-on experience in software development.",
      "requirements": ["Computer Science student", "Basic programming", "Eager to learn", "Team player", "Problem solving"],
      "postedDate": "2025-01-11",
      "jobUrl": "https://example.com/job/021"
    },
    {
      "id": "job-022",
      "title": "Cloud Architect",
      "company": "CloudMasters Inc",
      "location": "Chicago, IL",
      "city": "Chicago",
      "state": "IL",
      "country": "USA",
      "employmentType": "Full-time",
      "remote": true,
      "salary": "$160,000 - $200,000",
      "salaryMin": 160000,
      "salaryMax": 200000,
      "description": "Design and implement cloud solutions at scale. Lead cloud migration initiatives and optimize cloud infrastructure.",
      "requirements": ["AWS/Azure/GCP", "Architecture design", "Microservices", "IaC", "Cost optimization"],
      "postedDate": "2025-01-08",
      "jobUrl": "https://example.com/job/022"
    },
    {
      "id": "job-023",
      "title": "Technical Writer",
      "company": "DocuTech Solutions",
      "location": "Remote",
      "city": "Remote",
      "state": "",
      "country": "USA",
      "employmentType": "Contract",
      "remote": true,
      "salary": "$65,000 - $85,000",
      "salaryMin": 65000,
      "salaryMax": 85000,
      "description": "Create technical documentation, API guides, and user manuals. Make complex technical concepts accessible to various audiences.",
      "requirements": ["Technical writing", "API documentation", "Markdown", "Documentation tools", "Clear communication"],
      "postedDate": "2025-01-07",
      "jobUrl": "https://example.com/job/023"
    },
    {
      "id": "job-024",
      "title": "Full Stack Developer",
      "company": "StackOverflow Solutions",
      "location": "New York, NY",
      "city": "New York",
      "state": "NY",
      "country": "USA",
      "employmentType": "Full-time",
      "remote": false,
      "salary": "$110,000 - $140,000",
      "salaryMin": 110000,
      "salaryMax": 140000,
      "description": "Work on both frontend and backend development. Build end-to-end features and own the full development lifecycle.",
      "requirements": ["React", "Node.js", "MongoDB", "REST APIs", "Full stack experience"],
      "postedDate": "2025-01-06",
      "jobUrl": "https://example.com/job/024"
    },
    {
      "id": "job-025",
      "title": "Machine Learning Engineer",
      "company": "ML Innovations",
      "location": "Boston, MA",
      "city": "Boston",
      "state": "MA",
      "country": "USA",
      "employmentType": "Full-time",
      "remote": true,
      "salary": "$145,000 - $185,000",
      "salaryMin": 145000,
      "salaryMax": 185000,
      "description": "Develop and deploy machine learning models at scale. Work on recommendation systems, predictive analytics, and AI applications.",
      "requirements": ["Machine Learning", "Python", "TensorFlow/PyTorch", "MLOps", "Model deployment"],
      "postedDate": "2025-01-09",
      "jobUrl": "https://example.com/job/025"
    },
    {
      "id": "job-026",
      "title": "Customer Success Manager",
      "company": "ClientFirst Solutions",
      "location": "Austin, TX",
      "city": "Austin",
      "state": "TX",
      "country": "USA",
      "employmentType": "Full-time",
      "remote": true,
      "salary": "$70,000 - $90,000",
      "salaryMin": 70000,
      "salaryMax": 90000,
      "description": "Ensure customer satisfaction and retention. Build relationships with clients and help them achieve success with our products.",
      "requirements": ["Customer service", "Account management", "Communication", "Problem solving", "SaaS experience"],
      "postedDate": "2025-01-10",
      "jobUrl": "https://example.com/job/026"
    },
    {
      "id": "job-027",
      "title": "iOS Developer",
      "company": "Apple Apps Inc",
      "location": "Cupertino, CA",
      "city": "Cupertino",
      "state": "CA",
      "country": "USA",
      "employmentType": "Full-time",
      "remote": false,
      "salary": "$125,000 - $155,000",
      "salaryMin": 125000,
      "salaryMax": 155000,
      "description": "Develop native iOS applications using Swift. Create beautiful, performant apps for iPhone and iPad.",
      "requirements": ["Swift", "iOS SDK", "Xcode", "UIKit/SwiftUI", "App Store guidelines"],
      "postedDate": "2025-01-05",
      "jobUrl": "https://example.com/job/027"
    },
    {
      "id": "job-028",
      "title": "Android Developer",
      "company": "DroidWorks",
      "location": "Mountain View, CA",
      "city": "Mountain View",
      "state": "CA",
      "country": "USA",
      "employmentType": "Full-time",
      "remote": true,
      "salary": "$120,000 - $150,000",
      "salaryMin": 120000,
      "salaryMax": 150000,
      "description": "Build cutting-edge Android applications. Work with Kotlin, Jetpack Compose, and modern Android architecture.",
      "requirements": ["Kotlin", "Android SDK", "Jetpack Compose", "Material Design", "Play Store deployment"],
      "postedDate": "2025-01-08",
      "jobUrl": "https://example.com/job/028"
    },
    {
      "id": "job-029",
      "title": "Network Engineer",
      "company": "NetPro Systems",
      "location": "San Antonio, TX",
      "city": "San Antonio",
      "state": "TX",
      "country": "USA",
      "employmentType": "Full-time",
      "remote": false,
      "salary": "$85,000 - $110,000",
      "salaryMin": 85000,
      "salaryMax": 110000,
      "description": "Design and maintain network infrastructure. Configure routers, switches, and firewalls to ensure optimal network performance.",
      "requirements": ["CCNA/CCNP", "Network protocols", "Firewall configuration", "VPN", "Troubleshooting"],
      "postedDate": "2025-01-07",
      "jobUrl": "https://example.com/job/029"
    },
    {
      "id": "job-030",
      "title": "Product Designer",
      "company": "DesignFirst Studio",
      "location": "Seattle, WA",
      "city": "Seattle",
      "state": "WA",
      "country": "USA",
      "employmentType": "Full-time",
      "remote": true,
      "salary": "$95,000 - $125,000",
      "salaryMin": 95000,
      "salaryMax": 125000,
      "description": "Lead product design initiatives from concept to launch. Create user-centered designs that solve real problems.",
      "requirements": ["Product design", "User research", "Prototyping", "Design systems", "Collaboration"],
      "postedDate": "2025-01-11",
      "jobUrl": "https://example.com/job/030"
    },
    {
      "id": "job-031",
      "title": "Systems Administrator",
      "company": "SysAdmin Pro",
      "location": "Detroit, MI",
      "city": "Detroit",
      "state": "MI",
      "country": "USA",
      "employmentType": "Full-time",
      "remote": false,
      "salary": "$65,000 - $85,000",
      "salaryMin": 65000,
      "salaryMax": 85000,
      "description": "Manage servers and IT infrastructure. Ensure system reliability, security, and performance.",
      "requirements": ["Linux/Windows Server", "Virtualization", "Scripting", "Monitoring tools", "IT support"],
      "postedDate": "2025-01-06",
      "jobUrl": "https://example.com/job/031"
    },
    {
      "id": "job-032",
      "title": "Blockchain Developer",
      "company": "CryptoTech Solutions",
      "location": "Miami, FL",
      "city": "Miami",
      "state": "FL",
      "country": "USA",
      "employmentType": "Contract",
      "remote": true,
      "salary": "$140,000 - $180,000",
      "salaryMin": 140000,
      "salaryMax": 180000,
      "description": "Develop smart contracts and decentralized applications. Work with blockchain technologies and Web3 ecosystem.",
      "requirements": ["Solidity", "Web3.js", "Smart contracts", "Ethereum", "DeFi protocols"],
      "postedDate": "2025-01-09",
      "jobUrl": "https://example.com/job/032"
    },
    {
      "id": "job-033",
      "title": "SEO Specialist",
      "company": "SearchRank Media",
      "location": "Las Vegas, NV",
      "city": "Las Vegas",
      "state": "NV",
      "country": "USA",
      "employmentType": "Part-time",
      "remote": true,
      "salary": "$45,000 - $65,000",
      "salaryMin": 45000,
      "salaryMax": 65000,
      "description": "Optimize websites for search engines. Improve organic traffic through on-page and off-page SEO strategies.",
      "requirements": ["SEO tools", "Keyword research", "Content optimization", "Analytics", "Link building"],
      "postedDate": "2025-01-08",
      "jobUrl": "https://example.com/job/033"
    },
    {
      "id": "job-034",
      "title": "Game Developer",
      "company": "GameStudio Pro",
      "location": "Los Angeles, CA",
      "city": "Los Angeles",
      "state": "CA",
      "country": "USA",
      "employmentType": "Full-time",
      "remote": false,
      "salary": "$90,000 - $120,000",
      "salaryMin": 90000,
      "salaryMax": 120000,
      "description": "Develop engaging games for PC and console platforms. Work with game engines and create immersive gameplay experiences.",
      "requirements": ["Unity/Unreal", "C++/C#", "Game design", "3D graphics", "Physics engines"],
      "postedDate": "2025-01-07",
      "jobUrl": "https://example.com/job/034"
    },
    {
      "id": "job-035",
      "title": "Solutions Architect",
      "company": "Enterprise Solutions Inc",
      "location": "Chicago, IL",
      "city": "Chicago",
      "state": "IL",
      "country": "USA",
      "employmentType": "Full-time",
      "remote": true,
      "salary": "$150,000 - $190,000",
      "salaryMin": 150000,
      "salaryMax": 190000,
      "description": "Design enterprise-level solutions that meet business requirements. Lead technical architecture and implementation strategies.",
      "requirements": ["Enterprise architecture", "Solution design", "Cloud platforms", "Integration patterns", "Stakeholder management"],
      "postedDate": "2025-01-10",
      "jobUrl": "https://example.com/job/035"
    },
    {
      "id": "job-036",
      "title": "Data Analyst",
      "company": "Analytics Now",
      "location": "Charlotte, NC",
      "city": "Charlotte",
      "state": "NC",
      "country": "USA",
      "employmentType": "Full-time",
      "remote": false,
      "salary": "$65,000 - $85,000",
      "salaryMin": 65000,
      "salaryMax": 85000,
      "description": "Analyze data to provide business insights. Create reports, dashboards, and data visualizations.",
      "requirements": ["SQL", "Excel", "Tableau/Power BI", "Data analysis", "Statistical methods"],
      "postedDate": "2025-01-05",
      "jobUrl": "https://example.com/job/036"
    },
    {
      "id": "job-037",
      "title": "Scrum Master",
      "company": "AgilePro Teams",
      "location": "Columbus, OH",
      "city": "Columbus",
      "state": "OH",
      "country": "USA",
      "employmentType": "Full-time",
      "remote": true,
      "salary": "$85,000 - $105,000",
      "salaryMin": 85000,
      "salaryMax": 105000,
      "description": "Facilitate Scrum ceremonies and coach teams on Agile practices. Remove impediments and foster team collaboration.",
      "requirements": ["Scrum certification", "Agile methodology", "Team facilitation", "JIRA", "Coaching skills"],
      "postedDate": "2025-01-11",
      "jobUrl": "https://example.com/job/037"
    },
    {
      "id": "job-038",
      "title": "Penetration Tester",
      "company": "HackSecure Labs",
      "location": "San Francisco, CA",
      "city": "San Francisco",
      "state": "CA",
      "country": "USA",
      "employmentType": "Contract",
      "remote": true,
      "salary": "$120,000 - $150,000",
      "salaryMin": 120000,
      "salaryMax": 150000,
      "description": "Conduct penetration testing and vulnerability assessments. Identify security weaknesses and provide remediation recommendations.",
      "requirements": ["Ethical hacking", "OSCP/CEH", "Security tools", "Report writing", "Network security"],
      "postedDate": "2025-01-08",
      "jobUrl": "https://example.com/job/038"
    },
    {
      "id": "job-039",
      "title": "UI Developer",
      "company": "InterfaceWorks",
      "location": "Indianapolis, IN",
      "city": "Indianapolis",
      "state": "IN",
      "country": "USA",
      "employmentType": "Full-time",
      "remote": false,
      "salary": "$75,000 - $95,000",
      "salaryMin": 75000,
      "salaryMax": 95000,
      "description": "Create responsive user interfaces with attention to detail. Implement pixel-perfect designs and smooth animations.",
      "requirements": ["HTML/CSS", "JavaScript", "UI frameworks", "Responsive design", "Cross-browser compatibility"],
      "postedDate": "2025-01-07",
      "jobUrl": "https://example.com/job/039"
    },
    {
      "id": "job-040",
      "title": "Site Reliability Engineer",
      "company": "ReliableTech",
      "location": "Portland, OR",
      "city": "Portland",
      "state": "OR",
      "country": "USA",
      "employmentType": "Full-time",
      "remote": true,
      "salary": "$130,000 - $160,000",
      "salaryMin": 130000,
      "salaryMax": 160000,
      "description": "Ensure system reliability and uptime. Build monitoring, alerting, and automation to maintain service availability.",
      "requirements": ["SRE practices", "Monitoring tools", "Incident management", "Automation", "Cloud platforms"],
      "postedDate": "2025-01-06",
      "jobUrl": "https://example.com/job/040"
    },
    {
      "id": "job-041",
      "title": "Data Engineer",
      "company": "DataPipeline Co",
      "location": "Kansas City, MO",
      "city": "Kansas City",
      "state": "MO",
      "country": "USA",
      "employmentType": "Full-time",
      "remote": false,
      "salary": "$105,000 - $135,000",
      "salaryMin": 105000,
      "salaryMax": 135000,
      "description": "Build and maintain data pipelines and ETL processes. Design data architectures for analytics and machine learning.",
      "requirements": ["ETL/ELT", "Apache Spark", "Data warehousing", "Python/Scala", "Cloud data platforms"],
      "postedDate": "2025-01-09",
      "jobUrl": "https://example.com/job/041"
    },
    {
      "id": "job-042",
      "title": "Technical Support Engineer",
      "company": "SupportTech Solutions",
      "location": "Salt Lake City, UT",
      "city": "Salt Lake City",
      "state": "UT",
      "country": "USA",
      "employmentType": "Full-time",
      "remote": true,
      "salary": "$55,000 - $75,000",
      "salaryMin": 55000,
      "salaryMax": 75000,
      "description": "Provide technical support to customers. Troubleshoot issues, document solutions, and ensure customer satisfaction.",
      "requirements": ["Technical troubleshooting", "Customer service", "Documentation", "Ticketing systems", "Problem solving"],
      "postedDate": "2025-01-10",
      "jobUrl": "https://example.com/job/042"
    },
    {
      "id": "job-043",
      "title": "Ruby on Rails Developer",
      "company": "RailsWorks",
      "location": "San Francisco, CA",
      "city": "San Francisco",
      "state": "CA",
      "country": "USA",
      "employmentType": "Contract",
      "remote": true,
      "salary": "$110,000 - $140,000",
      "salaryMin": 110000,
      "salaryMax": 140000,
      "description": "Develop web applications using Ruby on Rails. Build scalable backend systems and RESTful APIs.",
      "requirements": ["Ruby on Rails", "PostgreSQL", "REST APIs", "RSpec", "Deployment"],
      "postedDate": "2025-01-05",
      "jobUrl": "https://example.com/job/043"
    },
    {
      "id": "job-044",
      "title": "Email Marketing Specialist",
      "company": "EmailPro Marketing",
      "location": "Tampa, FL",
      "city": "Tampa",
      "state": "FL",
      "country": "USA",
      "employmentType": "Part-time",
      "remote": true,
      "salary": "$40,000 - $55,000",
      "salaryMin": 40000,
      "salaryMax": 55000,
      "description": "Design and execute email marketing campaigns. Optimize email performance and grow subscriber engagement.",
      "requirements": ["Email marketing", "Marketing automation", "A/B testing", "Analytics", "Copywriting"],
      "postedDate": "2025-01-08",
      "jobUrl": "https://example.com/job/044"
    },
    {
      "id": "job-045",
      "title": "Python Developer",
      "company": "PythonWorks Inc",
      "location": "Chicago, IL",
      "city": "Chicago",
      "state": "IL",
      "country": "USA",
      "employmentType": "Full-time",
      "remote": false,
      "salary": "$95,000 - $125,000",
      "salaryMin": 95000,
      "salaryMax": 125000,
      "description": "Develop backend services and data processing applications using Python. Work with Django/Flask and modern Python tools.",
      "requirements": ["Python", "Django/Flask", "PostgreSQL", "REST APIs", "Unit testing"],
      "postedDate": "2025-01-07",
      "jobUrl": "https://example.com/job/045"
    },
    {
      "id": "job-046",
      "title": "React Developer",
      "company": "ReactPro Solutions",
      "location": "New York, NY",
      "city": "New York",
      "state": "NY",
      "country": "USA",
      "employmentType": "Full-time",
      "remote": true,
      "salary": "$100,000 - $130,000",
      "salaryMin": 100000,
      "salaryMax": 130000,
      "description": "Build modern web applications using React. Create reusable components and implement state management solutions.",
      "requirements": ["React", "Redux/Context API", "TypeScript", "Testing", "Performance optimization"],
      "postedDate": "2025-01-11",
      "jobUrl": "https://example.com/job/046"
    },
    {
      "id": "job-047",
      "title": "IT Manager",
      "company": "TechManage Corp",
      "location": "Houston, TX",
      "city": "Houston",
      "state": "TX",
      "country": "USA",
      "employmentType": "Full-time",
      "remote": false,
      "salary": "$95,000 - $120,000",
      "salaryMin": 95000,
      "salaryMax": 120000,
      "description": "Lead IT department and manage technology infrastructure. Oversee IT projects and vendor relationships.",
      "requirements": ["IT management", "Budget planning", "Team leadership", "Strategic planning", "Vendor management"],
      "postedDate": "2025-01-06",
      "jobUrl": "https://example.com/job/047"
    },
    {
      "id": "job-048",
      "title": "API Developer",
      "company": "APIFirst Tech",
      "location": "Raleigh, NC",
      "city": "Raleigh",
      "state": "NC",
      "country": "USA",
      "employmentType": "Full-time",
      "remote": true,
      "salary": "$85,000 - $115,000",
      "salaryMin": 85000,
      "salaryMax": 115000,
      "description": "Design and develop RESTful APIs and GraphQL services. Focus on API performance, security, and documentation.",
      "requirements": ["REST/GraphQL", "API design", "OpenAPI", "Authentication", "Rate limiting"],
      "postedDate": "2025-01-09",
      "jobUrl": "https://example.com/job/048"
    },
    {
      "id": "job-049",
      "title": "Junior Data Scientist",
      "company": "DataLearn Academy",
      "location": "Boston, MA",
      "city": "Boston",
      "state": "MA",
      "country": "USA",
      "employmentType": "Full-time",
      "remote": false,
      "salary": "$70,000 - $90,000",
      "salaryMin": 70000,
      "salaryMax": 90000,
      "description": "Entry-level position for aspiring data scientists. Work on real projects with mentorship from senior team members.",
      "requirements": ["Python/R", "Statistics", "Machine Learning basics", "SQL", "Data visualization"],
      "postedDate": "2025-01-10",
      "jobUrl": "https://example.com/job/049"
    },
    {
      "id": "job-050",
      "title": "WordPress Developer",
      "company": "WPMasters",
      "location": "Remote",
      "city": "Remote",
      "state": "",
      "country": "USA",
      "employmentType": "Contract",
      "remote": true,
      "salary": "$60,000 - $80,000",
      "salaryMin": 60000,
      "salaryMax": 80000,
      "description": "Build and customize WordPress websites. Develop themes, plugins, and optimize site performance.",
      "requirements": ["WordPress", "PHP", "MySQL", "JavaScript", "Theme development"],
      "postedDate": "2025-01-05",
      "jobUrl": "https://example.com/job/050"
    },
    {
      "id": "job-051",
      "title": "Engineering Manager",
      "company": "TechLeaders Inc",
      "location": "San Francisco, CA",
      "city": "San Francisco",
      "state": "CA",
      "country": "USA",
      "employmentType": "Full-time",
      "remote": true,
      "salary": "$170,000 - $210,000",
      "salaryMin": 170000,
      "salaryMax": 210000,
      "description": "Lead engineering teams to deliver high-quality software products. Balance technical excellence with business objectives.",
      "requirements": ["Engineering leadership", "Team management", "Technical expertise", "Agile methodology", "Strategic thinking"],
      "postedDate": "2025-01-08",
      "jobUrl": "https://example.com/job/051"
    },
    {
      "id": "job-052",
      "title": "Salesforce Developer",
      "company": "CloudForce Solutions",
      "location": "Chicago, IL",
      "city": "Chicago",
      "state": "IL",
      "country": "USA",
      "employmentType": "Full-time",
      "remote": false,
      "salary": "$100,000 - $130,000",
      "salaryMin": 100000,
      "salaryMax": 130000,
      "description": "Develop and customize Salesforce applications. Work with Apex, Lightning components, and Salesforce integrations.",
      "requirements": ["Salesforce development", "Apex", "Lightning", "SOQL", "Integration patterns"],
      "postedDate": "2025-01-07",
      "jobUrl": "https://example.com/job/052"
    }
  ]
}